title,company,location,link
Technical Lead,Relayr,"Chicago, IL",https://stackoverflow.com/jobs/528608
Software Engineer - Full Stack (Mid-Senior),Olo,No office location,https://stackoverflow.com/jobs/448572
Technical Lead/Developer (.NET Web Projects; Fully Remote),BlueModus,No office location,https://stackoverflow.com/jobs/566694
Software Architect & Lead (.NET Web Projects; Fully Remote),BlueModus,No office location,https://stackoverflow.com/jobs/566693
Software Engineer II (Ruby on Rails & React),Home Chef,"Chicago, IL",https://stackoverflow.com/jobs/519780
Senior Full-Stack Developer (Remote),Slido,"Bratislava, Slovakia",https://stackoverflow.com/jobs/519749
Senior Software Engineer (Ruby on Rails & React),Home Chef,No office location,https://stackoverflow.com/jobs/519747
Software Engineer- Functional Programming,Datasembly,No office location,https://stackoverflow.com/jobs/519800
UX Developer,Portland Webworks,"Portland, ME",https://stackoverflow.com/jobs/524306
React Developer - DWH team,Supermetrics Oy,"Helsinki, Finland",https://stackoverflow.com/jobs/565838
Web developer,Intel Corporation,"Moscow, Russia",https://stackoverflow.com/jobs/530450
Security Engineer,Outschool,No office location,https://stackoverflow.com/jobs/566357
